subreddit,sociopolitical
/r/announcements,
/r/funny,
/r/AskReddit,
/r/gaming,
/r/aww,
/r/pics,
/r/Music,
/r/science,
/r/worldnews,X
/r/videos,
/r/todayilearned,
/r/movies,
/r/news,X
/r/Showerthoughts,
/r/EarthPorn,
/r/IAmA,
/r/gifs,
/r/food,
/r/askscience,
/r/Jokes,
/r/explainlikeimfive,
/r/books,
/r/LifeProTips,
/r/Art,
/r/mildlyinteresting,
/r/DIY,
/r/sports,
/r/blog,
/r/nottheonion,
/r/space,
/r/gadgets,
/r/Documentaries,
/r/GetMotivated,
/r/photoshopbattles,
/r/television,
/r/tifu,
/r/UpliftingNews,
/r/listentothis,
/r/InternetIsBeautiful,
/r/history,X
/r/philosophy,X
/r/dataisbeautiful,
/r/Futurology,
/r/OldSchoolCool,
/r/WritingPrompts,
/r/nosleep,
/r/personalfinance,
/r/creepy,
/r/TwoXChromosomes,X
/r/memes,
/r/technology,
/r/AdviceAnimals,
/r/wholesomememes,
/r/Fitness,
/r/interestingasfuck,
/r/politics,X
/r/WTF,
/r/bestof,
/r/travel,
/r/BlackPeopleTwitter,
/r/oddlysatisfying,
/r/leagueoflegends,
/r/facepalm,
/r/me_irl,
/r/lifehacks,
/r/pcmasterrace,
/r/NatureIsFuckingLit,
/r/relationship_advice,
/r/Whatcouldgowrong,
/r/Minecraft,
/r/dankmemes,
/r/Tinder,
/r/BikiniBottomTwitter,
/r/trippinthroughtime,
/r/PS4,
/r/AnimalsBeingBros,
/r/nba,
/r/tattoos,
/r/AnimalsBeingJerks,
/r/photography,
/r/woahdude,
/r/reactiongifs,
/r/FoodPorn,
/r/Overwatch,
/r/dadjokes,
/r/Unexpected,
/r/PewdiepieSubmissions,
/r/gardening,
/r/boardgames,
/r/nextfuckinglevel,
/r/instant_regret,
/r/relationships,
/r/buildapc,
/r/WatchPeopleDieInside,
/r/mildlyinfuriating,
/r/programming,
/r/pokemon,
/r/ContagiousLaughter,
/r/AnimalsBeingDerps,
/r/PublicFreakout,
/r/pokemongo,
/r/Parenting,
/r/Damnthatsinteresting,
/r/humor,
/r/iphone,
/r/drawing,
/r/itookapicture,
/r/Games,
/r/atheism,X
/r/malefashionadvice,
/r/gameofthrones,
/r/rarepuppers,
/r/europe,
/r/YouShouldKnow,
/r/nonononoyes,
/r/loseit,
/r/BetterEveryLoop,
/r/GifRecipes,
/r/MadeMeSmile,
/r/NintendoSwitch,
/r/EatCheapAndHealthy,
/r/xboxone,
/r/ChildrenFallingOver,
/r/woodworking,
/r/AmItheAsshole,
/r/soccer,
/r/cats,
/r/CrappyDesign,
/r/slowcooking,
/r/Outdoors,
/r/MakeupAddiction,
/r/Coronavirus,X
/r/Wellthatsucks,
/r/Android,
/r/pcgaming,
/r/Eyebleach,
/r/confession,
/r/TrollYChromosome,
/r/AskMen,
/r/HighQualityGifs,
/r/trashy,
/r/teenagers,
/r/Cooking,
/r/offmychest,
/r/NetflixBestOf,
/r/IdiotsInCars,
/r/streetwear,
/r/HistoryPorn,
/r/cursedcomments,
/r/raspberry_pi,
/r/DnD,
/r/Awwducational,
/r/dating_advice,
/r/recipes,
/r/keto,
/r/HumansBeingBros,
/r/backpacking,
/r/cars,
/r/horror,
/r/RoastMe,
/r/MurderedByWords,
/r/blackmagicfuckery,
/r/rickandmorty,
/r/Roadcam,
/r/frugalmalefashion,
/r/BeAmazed,
/r/biology,
/r/battlestations,
/r/scifi,
/r/socialskills,
/r/ChoosingBeggars,
/r/nfl,
/r/insanepeoplefacebook,
/r/mac,
/r/entertainment,
/r/NoStupidQuestions,
/r/hiphopheads,
/r/OutOfTheLoop,
/r/reallifedoodles,
/r/MovieDetails,
/r/KidsAreFuckingStupid,
/r/nintendo,
/r/anime,
/r/HistoryMemes,
/r/coolguides,
/r/electronicmusic,
/r/wow,
/r/howto,
/r/WhitePeopleTwitter,
/r/therewasanattempt,
/r/apple,
/r/dogs,
/r/DestinyTheGame,
/r/youseeingthisshit,
/r/whatisthisthing,
/r/AskWomen,
/r/MealPrepSunday,
/r/ArtisanVideos,
/r/instantkarma,
/r/learnprogramming,
/r/bodyweightfitness,
/r/blursedimages,
/r/FiftyFifty,
/r/youtubehaiku,
/r/zelda,
/r/natureismetal,
/r/sex,
/r/nevertellmetheodds,
/r/Bitcoin,
/r/JusticeServed,
/r/DeepIntoYouTube,
/r/yesyesyesyesno,
/r/Design,
/r/unpopularopinion,
/r/camping,
/r/foodhacks,
/r/hearthstone,
/r/podcasts,
/r/trees,
/r/madlads,
/r/JUSTNOMIL,
/r/shittyfoodporn,
/r/likeus,
/r/StarWars,
/r/starterpacks,
/r/Sneakers,
/r/hmmm,
/r/Astronomy,
/r/femalefashionadvice,
/r/PrequelMemes,
/r/rareinsults,
/r/wallstreetbets,
/r/DunderMifflin,
/r/hardware,
/r/indieheads,
/r/CozyPlaces,
/r/ArtefactPorn,
/r/wallpaper,
/r/assholedesign,
/r/GamePhysics,
/r/quityourbullshit,
/r/educationalgifs,
/r/comics,
/r/urbanexploration,
/r/writing,
/r/Physics,
/r/tipofmytongue,
/r/WeAreTheMusicMakers,
/r/ThriftStoreHauls,
/r/savedyouaclick,
/r/iamverysmart,
/r/comicbooks,
/r/Graffiti,
/r/PerfectTiming,
/r/PUBATTLEGROUNDS,
/r/cursedimages,
/r/JapanTravel,
/r/thewalkingdead,
/r/HomeImprovement,
/r/literature,
/r/AnimalCrossing,
/r/holdmycosmo,
/r/nasa,
/r/conspiracy,X
/r/baseball,
/r/progresspics,
/r/SketchDaily,
/r/FortNiteBR,
/r/homestead,
/r/hacking,
/r/MemeEconomy,
/r/math,
/r/CasualConversation,
/r/CollegeBasketball,
/r/MachineLearning,
/r/Frugal,
/r/breakingbad,
/r/legaladvice,
/r/entitledparents,
/r/comedyheaven,
/r/crafts,
/r/MMA,
/r/ProgrammerHumor,
/r/ATBGE,
/r/PeopleFuckingDying,
/r/Cinemagraphs,
/r/Watches,
/r/ksi,
/r/cringepics,
/r/thatHappened,
/r/AskHistorians,X
/r/spaceporn,
/r/niceguys,
/r/Filmmakers,
/r/meme,
/r/MaliciousCompliance,
/r/ShittyLifeProTips,
/r/Metal,
/r/2meirl4meirl,
/r/solotravel,
/r/Rainbow6,
/r/childfree,
/r/SpecArt,
/r/CampingandHiking,
/r/technicallythetruth,
/r/bodybuilding,
/r/SkincareAddiction,
/r/chemistry,
/r/manga,
/r/CatastrophicFailure,
/r/cringe,
/r/audiophile,
/r/rpg,
/r/confusing_perspective,
/r/GlobalOffensive,
/r/formula1,
/r/KerbalSpaceProgram,
/r/Health,
/r/EDM,
/r/classicalmusic,
/r/HolUp,
/r/southpark,
/r/suggestmeabook,
/r/google,
/r/holdmybeer,
/r/meirl,
/r/marvelstudios,
/r/investing,
/r/nutrition,
/r/javascript,
/r/insaneparents,
/r/4chan,
/r/mashups,
/r/WinStupidPrizes,
/r/UnresolvedMysteries,
/r/changemyview,
/r/techsupport,
/r/UnethicalLifeProTips,
/r/ShouldIbuythisgame,
/r/hockey,
/r/hiking,
/r/running,
/r/somethingimade,
/r/iamatotalpieceofshit,
/r/freefolk,
/r/carporn,
/r/MapPorn,
/r/DoesAnybodyElse,
/r/astrophotography,
/r/AbandonedPorn,
/r/PoliticalHumor,X
/r/TIHI,
/r/AsianBeauty,
/r/DiWHY,
/r/HealthyFood,
/r/roadtrip,
/r/Fantasy,
/r/wheredidthesodago,
/r/CryptoCurrency,
/r/apexlegends,
/r/compsci,
/r/toptalent,
/r/RoomPorn,
/r/self,
/r/softwaregore,
/r/ImGoingToHellForThis,
/r/maybemaybemaybe,
/r/ProRevenge,
/r/Justrolledintotheshop,
/r/greentext,
/r/subredditoftheday,
/r/ExposurePorn,
/r/analog,
/r/gifsthatkeepongiving,
/r/awfuleverything,
/r/mealtimevideos,
/r/oldpeoplefacebook,
/r/DeepFriedMemes,
/r/DesignPorn,
/r/iamverybadass,
/r/truegaming,
/r/motorcycles,
/r/LivestreamFail,
/r/SweatyPalms,
/r/privacy,
/r/powerwashingporn,
/r/Survival,
/r/specializedtools,
/r/photocritique,
/r/FuckYouKaren,
/r/skyrim,
/r/TooAfraidToAsk,
/r/fightporn,
/r/FreeEBOOKS,
/r/ANormalDayInRussia,
/r/MachinePorn,
/r/CFB,
/r/ADHD,
/r/PoliticalDiscussion,X
/r/Cringetopia,
/r/Shoestring,
/r/digitalnomad,
/r/wiiu,
/r/Steam,
/r/pettyrevenge,
/r/OopsDidntMeanTo,
/r/BoneAppleTea,
/r/WhatsWrongWithYourDog,
/r/PornhubComments,
/r/fakehistoryporn,
/r/StartledCats,
/r/IWantOut,
/r/westworld,
/r/snowboarding,
/r/Poetry,
/r/Homebrewing,
/r/vandwellers,
/r/Bossfight,
/r/harrypotter,
/r/Economics,X
/r/modernwarfare,
/r/woooosh,
/r/tumblr,
/r/WhyWereTheyFilming,
/r/Shitty_Car_Mods,
/r/ComedyCemetery,
/r/AbruptChaos,
/r/Zoomies,
/r/Boxing,
/r/skiing,
/r/sadcringe,
/r/homeautomation,
/r/blessedimages,
/r/Twitch,
/r/Screenwriting,
/r/Instagramreality,
/r/fffffffuuuuuuuuuuuu,
/r/MakeMeSuffer,
/r/perfectlycutscreams,
/r/im14andthisisdeep,
/r/oddlyterrifying,
/r/stocks,
/r/3DS,
/r/reddit.com,
/r/Perfectfit,
/r/nononono,
/r/TheLastAirbender,
/r/nostalgia,
/r/dankchristianmemes,
/r/HydroHomies,
/r/LetsNotMeet,
/r/familyguy,
/r/smashbros,
/r/holdmyfeedingtube,
/r/crappyoffbrands,
/r/UNBGBBIIVCHIDCTIICBG,
/r/holdmyredbull,
/r/forbiddensnacks,
/r/Entrepreneur,
/r/terriblefacebookmemes,
/r/vagabond,
/r/bicycling,
/r/Animemes,
/r/thisismylifenow,
/r/teslamotors,
/r/BuyItForLife,
/r/IdiotsFightingThings,
/r/gtaonline,
/r/shittyaskscience,
/r/suspiciouslyspecific,
/r/TrollXChromosomes,X
/r/financialindependence,
/r/imsorryjon,
/r/climbing,
/r/RocketLeague,
/r/okbuddyretard,
/r/gatekeeping,X
/r/GameDeals,
/r/beta,
/r/surrealmemes,
/r/confessions,
/r/IDontWorkHereLady,
/r/Marvel,
/r/Fishing,
/r/whitepeoplegifs,
/r/FellowKids,
/r/DotA2,
/r/dank_meme,
/r/reddeadredemption,
/r/AbsoluteUnits,
/r/The_Donald,X
/r/bonehurtingjuice,
/r/Justfuckmyshitup,
/r/yesyesyesno,
/r/freebies,
/r/canada,
/r/thalassophobia,
/r/AccidentalRenaissance,
/r/ShitPostCrusaders,
/r/justneckbeardthings,
/r/ThatsInsane,
/r/Fallout,
/r/blunderyears,
/r/BrandNewSentence,
/r/witcher,
/r/copypasta,
/r/DidntKnowIWantedThat,
/r/buildapcsales,
/r/ihadastroke,
/r/OSHA,
/r/TrueOffMyChest,
/r/psychology,
/r/youngpeopleyoutube,
/r/Paranormal,
/r/MechanicalKeyboards,
/r/Drugs,
/r/AskOuija,
/r/ExpectationVsReality,
/r/Glitch_in_the_Matrix,
/r/lotrmemes,
/r/asoiaf,
/r/aviation,
/r/NotMyJob,
/r/environment,X
/r/FanTheories,
/r/Nicegirls,
/r/MostBeautiful,
/r/dogswithjobs,
/r/NoFap,
/r/ofcoursethatsathing,
/r/ScottishPeopleTwitter,
/r/anime_irl,
/r/evilbuildings,
/r/FloridaMan,
/r/dontputyourdickinthat,
/r/JusticePorn,
/r/depression,
/r/IWantToLearn,
/r/FunnyandSad,
/r/Python,
/r/thanosdidnothingwrong,
/r/SubredditDrama,
/r/Guitar,
/r/creepyPMs,
/r/CrazyIdeas,
/r/mechanical_gifs,
/r/futurama,
/r/antiMLM,
/r/clevercomebacks,
/r/StardewValley,
/r/VALORANT,
/r/discordapp,
/r/holdmyjuicebox,
/r/LearnUselessTalents,
/r/theydidthemath,
/r/goddesses,
/r/SuddenlyGay,
/r/getdisciplined,
/r/talesfromtechsupport,
/r/DadReflexes,
/r/WeWantPlates,
/r/suicidebywords,
/r/boottoobig,
/r/holdmyfries,
/r/raisedbynarcissists,
/r/dndmemes,
/r/lego,
/r/PraiseTheCameraMan,
/r/Memes_Of_The_Dank,
/r/outside,
/r/EngineeringPorn,
/r/Breath_of_the_Wild,
/r/tippytaps,
/r/CityPorn,
/r/CasualUK,
/r/JoeRogan,
/r/worldbuilding,
/r/Amd,
/r/fantasyfootball,
/r/woof_irl,
/r/nflstreams,
/r/shittyrobots,
/r/Terraria,
/r/malelivingspace,
/r/kpop,
/r/combinedgifs,
/r/TikTokCringe,
/r/IASIP,
/r/PenmanshipPorn,
/r/agedlikemilk,
/r/TalesFromRetail,
/r/perfectloops,
/r/AnimalTextGifs,
/r/lgbt,
/r/AMA,
/r/ColorizedHistory,
/r/wallpapers,
/r/notliketheothergirls,
/r/spacex,
/r/dontdeadopeninside,
/r/cosplaygirls,
/r/guns,
/r/webdev,
/r/wholesomegifs,
/r/geek,
/r/StrangerThings,
/r/sbubby,
/r/brooklynninenine,
/r/netflix,
/r/Piracy,
/r/disneyvacation,
/r/linux,
/r/gentlemanboners,
/r/Autos,
/r/business,
/r/TheSilphRoad,
/r/offbeat,
/r/LateStageCapitalism,X
/r/chemicalreactiongifs,
/r/Meditation,
/r/polandball,
/r/jailbreak,
/r/NASCAR,
/r/redditgetsdrawn,
/r/BokuNoHeroAcademia,
/r/nbastreams,
/r/StoppedWorking,
/r/tennis,
/r/ihavesex,
/r/australia,
/r/DecidingToBeBetter,
/r/halo,
/r/CatsStandingUp,
/r/AmongUs,
/r/seduction,
/r/3Dprinting,
/r/PS5,
/r/blackpeoplegifs,
/r/PandR,
/r/Patriots,
/r/OnePiece,
/r/indianpeoplefacebook,
/r/AmateurRoomPorn,
/r/calvinandhobbes,
/r/NoahGetTheBoat,
/r/INEEEEDIT,
/r/destiny2,
/r/StockMarket,
/r/comedyhomicide,
/r/Celebs,
/r/QuotesPorn,
/r/marvelmemes,
/r/watchpeoplesurvive,
/r/Simulated,
/r/shortscarystories,
/r/pussypassdenied,
/r/shittymoviedetails,
/r/ketorecipes,
/r/HumansAreMetal,
/r/firstworldanarchists,
/r/2007scape,
/r/tooktoomuch,
/r/Prematurecelebration,
/r/SquaredCircle,
/r/Cyberpunk,
/r/vegan,
/r/sysadmin,
/r/engrish,
/r/TwoSentenceHorror,
/r/beermoney,
/r/nvidia,
/r/delusionalartists,
/r/productivity,
/r/IllegalLifeProTips,
/r/britishproblems,
/r/4PanelCringe,
/r/HadToHurt,
/r/IsItBullshit,
/r/bestoflegaladvice,
/r/ConvenientCop,
/r/startups,
/r/SandersForPresident,X
/r/MyPeopleNeedMe,
/r/web_design,
/r/gamedev,
/r/KenM,
/r/AteTheOnion,
/r/absolutelynotme_irl,
/r/Pareidolia,
/r/misleadingthumbnails,
/r/TheDepthsBelow,
/r/babyelephantgifs,
/r/LSD,
/r/vinyl,
/r/ethereum,
/r/minimalism,
/r/TumblrInAction,
/r/TrueReddit,X
/r/FORTnITE,
/r/2healthbars,
/r/MechanicAdvice,
/r/Conservative,X
/r/GoCommitDie,
/r/Baking,
/r/ThatLookedExpensive,
/r/summonerschool,
/r/graphic_design,
/r/ABoringDystopia,X
/r/antimeme,
/r/Naruto,
/r/Advice,
/r/youtube,
/r/shutupandtakemymoney,
/r/oddlyspecific,
/r/howtonotgiveafuck,
/r/Warframe,
/r/lostredditors,
/r/Bad_Cop_No_Donut,X
/r/tf2,
/r/hitmanimals,
/r/SCP,
/r/HongKong,
/r/houseplants,
/r/ActLikeYouBelong,
/r/notinteresting,
/r/Celebhub,
/r/gamernews,
/r/findareddit,
/r/curlyhair,
/r/InternetStars,
/r/TheMonkeysPaw,
/r/techsupportgore,
/r/CombatFootage,
/r/h3h3productions,
/r/lotr,
/r/standupshots,
/r/EmpireDidNothingWrong,
/r/AccidentalRacism,
/r/ClashRoyale,
/r/brasil,
/r/donthelpjustfilm,
/r/ActualPublicFreakouts,
/r/corgi,
/r/Brawlstars,
/r/classicwow,
/r/rimjob_steve,
/r/everymanshouldknow,
/r/FIFA,
/r/Instantregret,
/r/2busty2hide,
/r/TheWayWeWere,
/r/pewdiepie,
/r/cscareerquestions,
/r/weed,
/r/learnpython,
/r/theocho,
/r/ArchitecturePorn,
/r/MonsterHunterWorld,
/r/AutoDetailing,
/r/creepypasta,
/r/Libertarian,X
/r/jacksepticeye,
/r/ThingsCutInHalfPorn,
/r/nocontextpics,
/r/RetroFuturism,
/r/Kanye,
/r/badwomensanatomy,
/r/creepyasterisks,
/r/NoMansSkyTheGame,
/r/dashcamgifs,
/r/SubredditSimulator,
/r/magicTCG,
/r/puns,
/r/apolloapp,
/r/selfimprovement,
/r/beetlejuicing,
/r/DarkHumorAndMemes,
/r/olympics,
/r/france,
/r/community,
/r/circlejerk,
/r/doctorwho,
/r/jesuschristreddit,
/r/EscapefromTarkov,
/r/ffxiv,
/r/Coffee,
/r/happy,
/r/beer,
/r/finance,
/r/dontyouknowwhoiam,
/r/FUCKYOUINPARTICULAR,
/r/india,
/r/shittysuperpowers,
/r/Chonkers,
/r/MonsterHunter,
/r/rage,
/r/wikipedia,
/r/Minecraftbuilds,
/r/headphones,
/r/IRLEasterEggs,
/r/KamikazeByWords,
/r/TrumpCriticizesTrump,X
/r/Gamingcirclejerk,
/r/WatchandLearn,
/r/Anxiety,
/r/xxfitness,
/r/civ,
/r/onejob,
/r/Moviesinthemaking,
/r/13or30,
/r/dndnext,
/r/vexillology,
/r/csgo,
/r/LeopardsAteMyFace,
/r/SequelMemes,
/r/CallOfDuty,
/r/wholesomeanimemes,
/r/totallynotrobots,
/r/playstation,
/r/LosAngelesRams,
/r/UrbanHell,
/r/menwritingwomen,
/r/netsec,
/r/FashionReps,
/r/wholesomebpt,
/r/BoJackHorseman,
/r/Botchedsurgeries,
/r/1200isplenty,
/r/cyberpunkgame,
/r/dating,
/r/peopleofwalmart,
/r/pathofexile,
/r/ItemShop,
/r/needadvice,
/r/CODWarzone,
/r/rupaulsdragrace,
/r/jobs,
/r/Philippines,
/r/edmproduction,
/r/povertyfinance,
/r/outrun,
/r/NotHowGirlsWork,
/r/AskCulinary,
/r/SmashBrosUltimate,
/r/TrueCrime,
/r/serialkillers,
/r/shittyreactiongifs,
/r/patientgamers,
/r/raining,
/r/Breadit,
/r/MilitaryPorn,
/r/TalesFromYourServer,
/r/PropagandaPosters,
/r/youdontsurf,
/r/CrackheadCraigslist,
/r/nhaa,
/r/ArtPorn,
/r/iamveryrandom,
/r/VaporwaveAesthetics,
/r/Badfaketexts,
/r/cosplay,
/r/nocontext,
/r/3amjokes,
/r/OldPhotosInRealLife,
/r/PoliticalCompassMemes,
/r/darksouls3,
/r/DCcomics,
/r/smallbusiness,
/r/RobinHood,
/r/help,
/r/trebuchetmemes,
/r/thesims,
/r/college,
/r/UnsentLetters,
/r/Neverbrokeabone,
/r/LucidDreaming,
/r/OnePunchMan,
/r/borderlands3,
/r/Cursed_Images,
/r/DepthHub,
/r/unitedkingdom,
/r/booksuggestions,
/r/musictheory,
/r/SelfAwarewolves,
/r/mildlypenis,
/r/godtiersuperpowers,
/r/ZeroWaste,
/r/forwardsfromgrandma,
/r/holdmycatnip,
/r/nukedmemes,
/r/shockwaveporn,
/r/NBA2k,
/r/PixelArt,
/r/fo4,
/r/fasting,
/r/AccidentalWesAnderson,
/r/de_IAmA,
/r/IncelTears,
/r/IdiotsNearlyDying,
/r/r4r,
/r/DnDBehindTheScreen,
/r/knitting,
/r/TheSimpsons,
/r/succulents,
/r/homelab,
/r/StarWarsBattlefront,
/r/thedivision,
/r/options,
/r/KeanuBeingAwesome,
/r/Thetruthishere,
/r/ufc,
/r/whatsthisplant,
/r/tech,
/r/birdswitharms,
/r/BirdsArentReal,
/r/Foodforthought,
/r/StardustCrusaders,
/r/IllegallySmolCats,
/r/redneckengineering,
/r/DMAcademy,
/r/MEOW_IRL,
/r/dogpictures,
/r/tiktokthots,
/r/comedynecromancy,
/r/Stoicism,
/r/Blep,
/r/yoga,
/r/NeutralPolitics,X
/r/absolutelynotmeirl,
/r/IRLgirls,
/r/DungeonsAndDragons,
/r/baconreader,
/r/cordcutters,
/r/languagelearning,
/r/Superbowl,
/r/batman,
/r/engineering,
/r/mallninjashit,
/r/whatcouldgoright,
/r/wtfstockphotos,
/r/FortniteCompetitive,
/r/InteriorDesign,
/r/Warhammer40k,
/r/deadbydaylight,
/r/dbz,
/r/blackmirror,
/r/creepyencounters,
/r/realasians,
/r/NobodyAsked,
/r/whowouldwin,
/r/submechanophobia,
/r/thenetherlands,
/r/btc,
/r/Aquariums,
/r/medicine,
/r/fatlogic,
/r/happycowgifs,
/r/DnDGreentext,
/r/CringeAnarchy,
/r/BeforeNAfterAdoption,
/r/pyrocynical,
/r/Catswhoyell,
/r/assassinscreed,
/r/forhonor,
/r/bigtitsinbikinis,
/r/NuclearRevenge,
/r/acturnips,
/r/TalesFromTheFrontDesk,
/r/CitiesSkylines,
/r/Catloaf,
/r/bisexual,
/r/skateboarding,
/r/noisygifs,
/r/vaxxhappened,
/r/hardcoreaww,
/r/de,
/r/restofthefuckingowl,
/r/golf,
/r/watchpeopledie,
/r/confidentlyincorrect,
/r/happycryingdads,
/r/toastme,
/r/LearnJapanese,
/r/Naturewasmetal,
/r/gifsthatendtoosoon,
/r/Psychonaut,
/r/GooglePixel,
/r/EDC,
/r/RBI,
/r/ElderScrolls,
/r/DataHoarder,
/r/sweden,
/r/bigboye,
/r/architecture,
/r/MURICA,
/r/ireland,
/r/Borderlands,
/r/theyknew,
/r/SubwayCreatures,
/r/datascience,
/r/PrettyGirls,
/r/GTAV,
/r/ImaginaryLandscapes,
/r/EngineeringStudents,
/r/elderscrollsonline,
/r/pennystocks,
/r/popping,
/r/breathinginformation,
/r/gatesopencomeonin,
/r/KitchenConfidential,
/r/Windows10,
/r/shittyrainbow6,
/r/blender,
/r/lewronggeneration,
/r/COVID19,X
/r/darksouls,
/r/Bundesliga,
/r/WorkOnline,
/r/UnsolvedMysteries,
/r/awwwtf,
/r/gainit,
/r/fakealbumcovers,
/r/AppleWatch,
/r/ComedyNecrophilia,
/r/GTAGE,
/r/MasterReturns,
/r/socialism,X
/r/marketing,
/r/Seaofthieves,
/r/simpleliving,
/r/veganrecipes,
/r/medizzy,
/r/ClashOfClans,
/r/firstworldproblems,
/r/adventuretime,
/r/Buddhism,X
/r/TooMeIrlForMeIrl,
/r/inthesoulstone,
/r/drunk,
/r/HumanPorn,
/r/PokemonSwordAndShield,
/r/quotes,
/r/CatTaps,
/r/BreadStapledToTrees,
/r/animegifs,
/r/disney,
/r/jobuds,
/r/OTMemes,
/r/stevenuniverse,
/r/MakeNewFriendsHere,
/r/Catswithjobs,
/r/MildlyVandalised,
/r/ShingekiNoKyojin,
/r/Doom,
/r/ukpolitics,X
/r/Pizza,
/r/conspiracytheories,X
/r/DeadBedrooms,
/r/actuallesbians,
/r/tuckedinkitties,
/r/lastimages,
/r/MuseumOfReddit,
/r/ScarySigns,
/r/AAAAAAAAAAAAAAAAA,
/r/Blackops4,
/r/MensRights,X
/r/whatsthisbug,
/r/ImaginaryMonsters,
/r/gundeals,
/r/sewing,
/r/TopMindsOfReddit,
/r/mexico,
/r/Miniworlds,
/r/bertstrips,
/r/CatsAreAssholes,
/r/oculus,
/r/LiverpoolFC,
/r/goodanimemes,
/r/reddeadredemption2,
/r/MemeTemplatesOfficial,
/r/PartyParrot,
/r/Military,X
/r/Animesuggest,
/r/london,
/r/raimimemes,
/r/LadyBoners,
/r/UFOs,
/r/fo76,
/r/NHLStreams,
/r/wowthissubexists,
/r/learnart,
/r/ethtrader,
/r/AccidentalComedy,
/r/warriors,
/r/gaybros,
/r/marijuanaenthusiasts,
/r/SlyGifs,
/r/StruggleFucking,
/r/EverythingScience,
/r/singapore,
/r/fashion,
/r/medicalschool,
/r/CODZombies,
/r/fullmoviesonyoutube,
/r/HowToHack,
/r/catsareliquid,
/r/seriouseats,
/r/megalophobia,
/r/reddevils,
/r/lakers,
/r/ItHadToBeBrazil,
/r/Competitiveoverwatch,
/r/socialanxiety,
/r/unixporn,
/r/japan,
/r/Diablo,
/r/shrooms,
/r/TrueFilm,
/r/FantasyPL,
/r/elonmusk,
/r/InsanePeopleQuora,
/r/HumanForScale,
/r/starcraft,
/r/ramen,
/r/Satisfyingasfuck,
/r/GrandTheftAutoV,
/r/Persona5,
/r/EntitledBitch,
/r/IndoorGarden,
/r/totalwar,
/r/Repsneakers,
/r/JonWinsTheThrone,
/r/Ghosts,
/r/thingsforants,
/r/Sneks,
/r/instantbarbarians,
/r/ShitAmericansSay,
/r/CrusaderKings,
/r/startrek,
/r/weightroom,
/r/WouldYouRather,
/r/skyrimmods,
/r/LeagueOfMemes,
/r/ArcherFX,
/r/arresteddevelopment,
/r/teefies,
/r/tea,
/r/gtaglitches,
/r/ifyoulikeblank,
/r/newzealand,
/r/offlineTV,
/r/StonerEngineering,
/r/fitmeals,
/r/roblox,
/r/mycology,
/r/coaxedintoasnafu,
/r/tattoo,
/r/IncestPorn,
/r/torontoraptors,
/r/vegetarian,
/r/cookingforbeginners,
/r/roosterteeth,
/r/Christianity,X
/r/brushybrushy,
/r/coding,
/r/wholesomegreentext,
/r/WeatherGifs,
/r/trashpandas,
/r/webcomics,
/r/spotify,
/r/PS4Deals,
/r/whatintarnation,
/r/AskDocs,
/r/RimWorld,
/r/arduino,
/r/fireemblem,
/r/stopdrinking,
/r/Guildwars2,
/r/ToiletPaperUSA,
/r/techsupportmacgyver,
/r/TheRedPill,X
/r/PersonalFinanceCanada,
/r/MLBStreams,
/r/NintendoSwitchDeals,
/r/nyc,
/r/GamersRiseUp,
/r/geopolitics,X
/r/TinyHouses,
/r/TheRightCantMeme,
/r/Thisismylifemeow,
/r/AskScienceFiction,
/r/casualiama,
/r/TalesFromTheCustomer,
/r/Anticonsumption,
/r/budgetfood,
/r/curledfeetsies,
/r/heroesofthestorm,
/r/betterCallSaul,
/r/wokekids,
/r/keming,
/r/RedditLaqueristas,
/r/HighStrangeness,
/r/Undertale,
/r/OverwatchUniversity,
/r/AntiJokes,
/r/worldcup,
/r/feedthebeast,
/r/Smite,
/r/excel,
/r/boomershumor,
/r/dogelore,
/r/askwomenadvice,
/r/NeckbeardNests,
/r/ApplyingToCollege,
/r/imaginarymaps,
/r/Battlefield,
/r/melbourne,
/r/askgaybros,
/r/runescape,
/r/behindthegifs,
/r/Sims4,
/r/happycrowds,
/r/Stellaris,
/r/Nootropics,
/r/scriptedasiangifs,
/r/microgrowery,
/r/HitBoxPorn,
/r/PremierLeague,
/r/GTAorRussia,
/r/occult,
/r/TheRealJoke,
/r/ac_newhorizons,
/r/TrueAskReddit,
/r/cosplaybabes,
/r/HunterXHunter,
/r/FinalFantasy,
/r/wowthanksimcured,
/r/CrackWatch,
/r/ACTrade,
/r/Ultralight,
/r/criticalrole,
/r/RealLifeShinies,
/r/catpranks,
/r/gif,
/r/ACQR,
/r/hardwareswap,
/r/Dogtraining,
/r/EliteDangerous,
/r/pokemontrades,
/r/minecraftsuggestions,
/r/StreetFights,
/r/killthecameraman,
/r/beauty,
/r/texas,
/r/Celebswithbigtits,
/r/Seattle,
/r/Mindfulness,
/r/gamegrumps,
/r/painting,
/r/collapse,
/r/wincest,
/r/popheads,
/r/functionalprint,
/r/FullScorpion,
/r/beards,
/r/CryptoMarkets,X
/r/notlikeothergirls,
/r/Needafriend,
/r/pointlesslygendered,
/r/eatsandwiches,
/r/FortniteLeaks,
/r/blop,
/r/onions,
/r/Punny,
/r/JordanPeterson,X
/r/androidapps,
/r/Iamactuallyverybadass,
/r/italy,
/r/delusionalcraigslist,
/r/WitchesVsPatriarchy,X
/r/place,
/r/nothingeverhappens,
/r/cableporn,
/r/answers,
/r/SuicideWatch,
/r/introvert,
/r/smoobypost,
/r/DesirePath,
/r/knives,
/r/CampingGear,
/r/PetTheDamnDog,
/r/HermitCraft,
/r/MinecraftMemes,
/r/eu4,
/r/barkour,
/r/Rainmeter,
/r/HeavySeas,
/r/TopGear,
/r/facebookwins,
/r/aliens,
/r/arabfunny,
/r/JustBootThings,
/r/animalsdoingstuff,
/r/emulation,
/r/titanfall,
/r/InclusiveOr,
/r/toronto,
/r/googlehome,
/r/linguistics,
/r/churning,
/r/afkarena,
/r/ShitMomGroupsSay,
/r/Overwatch_Memes,
/r/futbol,
/r/thanksihateit,
/r/badtattoos,
/r/bostonceltics,
/r/RedDeadOnline,
/r/technews,
/r/thegrandtour,
/r/deepweb,
/r/starcitizen,
/r/millionairemakers,
/r/bloodborne,
/r/gravityfalls,
/r/Idubbbz,
/r/ImaginaryLeviathans,
/r/beholdthemasterrace,
/r/FreeGamesOnSteam,
/r/asmr,
/r/TheGirlSurvivalGuide,
/r/economy,X
/r/chess,
/r/WhatsWrongWithYourCat,
/r/raidsecrets,
/r/IndieGaming,
/r/90DayFiance,
/r/FrankOcean,
/r/WildernessBackpacking,
/r/badhistory,
/r/LosAngeles,
/r/FREE,
/r/BeautyGuruChatter,
/r/Ooer,
/r/amiugly,
/r/bjj,
/r/Ripple,
/r/projectcar,
/r/DC_Cinematic,
/r/networking,
/r/PUBG,
/r/Embroidery,
/r/formuladank,
/r/cellbits,
/r/ImaginarySliceOfLife,
/r/reactjs,
/r/DontFundMe,
/r/Unity3D,
/r/playrust,
/r/Genshin_Impact,
/r/bulletjournal,
/r/litecoin,
/r/RealEstate,
/r/TeamfightTactics,
/r/ipad,
/r/ProperAnimalNames,
/r/dailyprogrammer,
/r/AwesomeCarMods,
/r/THE_PACK,
/r/Makeup,
/r/factorio,
/r/PuppySmiles,
/r/itsaunixsystem,
/r/UnexpectedThugLife,
/r/CatSlaps,
/r/splatoon,
/r/imveryedgy,
/r/PhonesAreBad,
/r/Scams,
/r/BattlefieldV,
/r/BobsBurgers,
/r/electronics,
/r/Angryupvote,
/r/LongDistance,
/r/TechNewsToday,
/r/masseffect,
/r/KingdomHearts,
/r/Cricket,
/r/Spiderman,
/r/gay,
/r/MortalKombat,
/r/BadMUAs,
/r/vancouver,
/r/amibeingdetained,
/r/OkCupid,
/r/Handwriting,
/r/hmm,
/r/hmmmgifs,
/r/radiohead,
/r/AdrenalinePorn,
/r/Markiplier,
/r/battlefield_one,
/r/AndroidGaming,
/r/chicago,
/r/flexibility,
/r/WastedGifs,
/r/HelpMeFind,
/r/funhaus,
/r/hoi4,
/r/dark_humor,
/r/eagles,
/r/xbox,
/r/argentina,
/r/talesfromcallcenters,
/r/YouSeeComrade,
/r/java,
/r/nhl,
/r/TheBoys,
/r/gorillaz,
/r/minipainting,
/r/leangains,
/r/FallGuysGame,
/r/grandorder,
/r/ich_iel,
/r/FragileWhiteRedditor,
/r/homegym,
/r/AskEngineers,
/r/babybigcatgifs,
/r/cocktails,
/r/photoshop,
/r/Frisson,
/r/castiron,
/r/audioengineering,
/r/awesome,
/r/malefashion,
/r/mountandblade,
/r/Cartalk,
/r/preppers,
/r/forhire,
/r/chelseafc,
/r/grilledcheese,
/r/asianpeoplegifs,
/r/slavelabour,
/r/MrRobot,
/r/BabyBumps,
/r/Konosuba,
/r/AquaticAsFuck,
/r/careerguidance,
/r/fantasywriters,
/r/bayarea,
/r/oneplus,
/r/FastWorkers,
/r/steamdeals,
/r/woosh,
/r/PeopleBeingJerks,
/r/subnautica,
/r/electronic_cigarette,
/r/dadswhodidnotwantpets,
/r/linuxmasterrace,
/r/IncreasinglyVerbose,
/r/lingling40hrs,
/r/Drumkits,
/r/ArtFundamentals,
/r/malehairadvice,
/r/fivenightsatfreddys,
/r/MTB,
/r/Giraffesdontexist,
/r/GlobalOffensiveTrade,
/r/AreTheStraightsOK,
/r/ABraThatFits,
/r/ketogains,
/r/HailCorporate,
/r/HotMoms,
/r/learnmath,
/r/KarmaCourt,
/r/yugioh,
/r/futureporn,
/r/piano,
/r/mentalhealth,
/r/ZenHabits,
/r/gaymers,
/r/Vaporwave,
/r/ImaginaryTechnology,
/r/awfuleyebrows,
/r/germany,
/r/japanpics,
/r/LatinoPeopleTwitter,
/r/Accounting,
/r/MagicArena,
/r/rant,
/r/MandelaEffect,
/r/BeautifulFemales,
/r/ItsAmateurHour,
/r/traaaaaaannnnnnnnnns,
/r/FL_Studio,
/r/ARK,
/r/Imposter,
/r/learnmachinelearning,
/r/Feminism,X
/r/algotrading,
/r/thecatdimension,
/r/soccerstreams,
/r/smoking,
/r/sportsarefun,
/r/CFBStreams,
/r/MovieSuggestions,
/r/witchcraft,
/r/CallMeCarson,
/r/TwoRedditorsOneCup,
/r/osugame,
/r/Teachers,
/r/Anarchism,X
/r/ProductPorn,
/r/pan,
/r/virtualreality,
/r/Warhammer,
/r/forza,
/r/ExpandDong,
/r/DecreasinglyVerbose,
/r/FreeGameFindings,
/r/AlienBlue,
/r/modnews,
/r/plantclinic,
/r/Dogberg,
/r/animation,
/r/GirlsMirin,
/r/wholesomejojo,
/r/morbidquestions,
/r/Incest_Gifs,
/r/Austin,
/r/Wellworn,
/r/TargetedShirts,
/r/nope,
/r/WalmartCelebrities,
/r/Tendies,
/r/DBZDokkanBattle,
/r/DarkJokeCentral,
/r/hometheater,
/r/ProtectAndServe,X
/r/screenshots,
/r/Marijuana,
/r/Letterkenny,
/r/Dreams,
/r/furry,
/r/FancyFollicles,
/r/humblebrag,
/r/cybersecurity,
/r/ar15,
/r/Jazz,
/r/classic4chan,
/r/secretsanta,
/r/TheMandalorianTV,
/r/trailerparkboys,
/r/GameTheorists,
/r/ableton,
/r/Swingers,
/r/AskAnAmerican,
/r/PunPatrol,
/r/DMT,
/r/Flipping,
/r/Davie504,
/r/snapchat,
/r/CongratsLikeImFive,
/r/datingoverthirty,
/r/PokemonGoFriends,
/r/paradoxplaza,
/r/Bottomless_Vixens,
/r/crochet,
/r/AskUK,
/r/TrueCrimeDiscussion,
/r/awwnime,
/r/Monero,
/r/GamingDetails,
/r/boston,
/r/dayz,
/r/declutter,
/r/astrology,
/r/glitch_art,
/r/blackdesertonline,
/r/China,
/r/sanfrancisco,
/r/LatinaCuties,
/r/powerlifting,
/r/MoviePosterPorn,
/r/WWE,
/r/HollowKnight,
/r/instantpot,
/r/MixedRaceGirls,
/r/coloringcorruptions,
/r/diablo3,
/r/SupermodelCats,
/r/footballhighlights,
/r/SapphoAndHerFriend,
/r/typography,
/r/daddit,
/r/characterdrawing,
/r/Portland,
/r/Gunners,
/r/exmormon,
/r/subaru,
/r/sarah_xxx,
/r/iiiiiiitttttttttttt,
/r/GoodFakeTexts,
/r/thelastofus,
/r/Birbs,
/r/Bushcraft,
/r/pickuplines,
/r/windows,
/r/DarkNetMarkets,
/r/Polska,
/r/BBQ,
/r/shortcuts,
/r/Lovecraft,
/r/FrugalFemaleFashion,
/r/CabinPorn,
/r/NotHowDrugsWork,
/r/FitAndNatural,
/r/GarlicBreadMemes,
/r/PlayStationPlus,
/r/thanksimcured,
/r/Colorization,
/r/bindingofisaac,
/r/tombstoning,
/r/nursing,
/r/antiwork,X
/r/Warthunder,
/r/NewTubers,
/r/animememes,
/r/houston,
/r/sushi,
/r/entitledparentsmemes,
/r/HIMYM,
/r/starwarsmemes,
/r/AskAcademia,
/r/metalgearsolid,
/r/sequence,
/r/rpghorrorstories,
/r/Rabbits,
/r/AnthemTheGame,
/r/Bonsai,
/r/TheoryOfReddit,
/r/bigdickproblems,
/r/footballmanagergames,
/r/streetwearstartup,
/r/modelmakers,
/r/fountainpens,
/r/Amoledbackgrounds,
/r/bitchimabus,
/r/sydney,
/r/polyamory,
/r/seinfeld,
/r/GlitchInTheMatrix,
/r/node,
/r/freelance,
/r/StoriesAboutKevin,
/r/scarystories,
/r/retrogaming,
/r/ImaginaryCharacters,
/r/ObscureMedia,
/r/GetStudying,
/r/WaltDisneyWorld,
/r/football,
/r/DankMemesFromSite19,
/r/Romania,
/r/Daytrading,
/r/crossfit,
/r/buildapcforme,
/r/MLS,
/r/Berserk,
/r/emojipasta,
/r/cinematography,
/r/overclocking,
/r/SiegeAcademy,
/r/Paladins,
/r/speedrun,
/r/chromeos,
/r/CrossStitch,
/r/Humanoidencounters,
/r/GreenBayPackers,
/r/Brogress,
/r/lonely,
/r/Rateme,
/r/sportsbook,
/r/makinghiphop,
/r/FireEmblemHeroes,
/r/dogecoin,
/r/PUBGMobile,
/r/Assistance,
/r/DDLC,
/r/cycling,
/r/cursedvideos,
/r/The_Mueller,
/r/Catculations,
/r/deals,
/r/chaoticgood,
/r/Old_Recipes,
/r/anime_titties,
/r/linuxadmin,
/r/LetsTalkMusic,
/r/Grimdank,
/r/TIGHTPUSSY,
/r/sploot,
/r/SkyPorn,
/r/devops,
/r/residentevil,
/r/samsung,
/r/AskEurope,
/r/trapproduction,
/r/TalesFromThePizzaGuy,
/r/AvatarMemes,
/r/WikiLeaks,
/r/physicsgifs,
/r/Sekiro,
/r/Sidemen,
/r/WhyWomenLiveLonger,
/r/Animalsthatlovemagic,
/r/Misogynyfetish,
/r/2meirl42meirl4meirl,
/r/PlantedTank,
/r/communism,X
/r/TheBullWins,
/r/JonTron,
/r/attackontitan,
/r/mlem,
/r/PleX,
/r/danganronpa,
/r/confidence,
/r/BMW,
/r/synthesizers,
/r/BeansInThings,
/r/PhotoshopRequest,
/r/ManufacturingPorn,
/r/pornfree,
/r/Borderlands2,
/r/2020PoliceBrutality,X
/r/blackcats,
/r/AstralProjection,
/r/onebag,
/r/halloween,
/r/fuckmeat,
/r/sixers,
/r/opendirectories,
/r/LodedDiper,
/r/jesuschristouija,
/r/gamingpc,
/r/5050,
/r/Incorgnito,
/r/depression_memes,
/r/piercing,
/r/linux4noobs,
/r/FondantHate,
/r/TheGoodPlace,
/r/TankPorn,
/r/Animewallpaper,
/r/linux_gaming,
/r/resumes,
/r/Hair,
/r/BitcoinMarkets,
/r/Ubuntu,
/r/burdurland,
/r/feetpics,
/r/XboxSeriesX,
/r/whiteknighting,
/r/computerscience,
/r/androiddev,
/r/swedishproblems,
/r/DesignerReps,
/r/Denmark,
/r/linuxquestions,
/r/MineralPorn,
/r/airsoft,
/r/svenskpolitik,
/r/mbti,
/r/tarot,
/r/asiangirlswhitecocks,
/r/security,
/r/army,
/r/100yearsago,
/r/DarK,
/r/leanfire,
/r/sousvide,
/r/MilitaryGfys,
/r/Infographics,
/r/Paleo,
/r/spirituality,
/r/ilikthebred,
/r/Atlanta,
/r/GunPorn,
/r/cpp,
/r/visualnovels,
/r/philadelphia,
/r/ImaginaryWesteros,
/r/PSVR,
/r/GameOfThronesMemes,
/r/premed,
/r/etymology,
/r/Marriage,
/r/DarkSouls2,
/r/amazon,
/r/FinancialPlanning,
/r/fifthworldproblems,
/r/agedlikewine,
/r/virginvschad,
/r/secretcompartments,
/r/Vive,
/r/SpidermanPS4,
/r/StandUpComedy,
/r/German,
/r/logodesign,
/r/Bass,
/r/TheOnion,
/r/Supernatural,
/r/askphilosophy,X
/r/MMORPG,
/r/guitarlessons,
/r/bangtan,
/r/archlinux,
/r/RobinHoodPennyStocks,
/r/ImaginaryBehemoths,
/r/BestOfReports,
/r/lostgeneration,X
/r/AmericanHorrorStory,
/r/supremeclothing,
/r/dontflinch,
/r/spicy,
/r/csharp,
/r/reverseanimalrescue,
/r/ontario,
/r/gay_irl,
/r/whiskey,
/r/JavDownloadCenter,
/r/labrats,
/r/ENLIGHTENEDCENTRISM,X
/r/Denver,
/r/WTFgaragesale,
/r/motivation,
/r/omad,
/r/California,
/r/MiniLadd,
/r/poker,
/r/pitbulls,
/r/tylerthecreator,
/r/FlashTV,
/r/bearsdoinghumanthings,
/r/Tools,
/r/fatpeoplehate,
/r/wicked_edge,
/r/socialmedia,
/r/mechmarket,
/r/riddles,
/r/donaldglover,
/r/Floof,
/r/HFY,
/r/UnusAnnus,
/r/redditrequest,
/r/leaves,
/r/bourbon,
/r/spiderbro,
/r/unstirredpaint,
/r/DeathStranding,
/r/weddingshaming,
/r/Turkey,
/r/statistics,
/r/VolleyballGirls,
/r/OurPresident,X
/r/swtor,
/r/The_Dennis,
/r/WatchRedditDie,
/r/dndmaps,
/r/AfterEffects,
/r/bi_irl,
/r/wimmelbilder,
/r/PowerShell,
/r/Instagram,
/r/Republican,X
/r/HomeNetworking,
/r/EntitledPeople,
/r/ClassyPornstars,
/r/weedstocks,
/r/yiffinhell,
/r/CallOfDutyMobile,
/r/Fuckthealtright,
/r/redditsings,
/r/UnearthedArcana,
/r/howyoudoin,
/r/korea,
/r/murdermittens,
/r/MetalMemes,
/r/japanlife,
/r/Supplements,
/r/androidthemes,
/r/ImaginaryMindscapes,
/r/skeptic,X
/r/progun,X
/r/BDSMAdvice,
/r/TheFappening,
/r/xqcow,
/r/MGTOW,
/r/DivinityOriginalSin,
/r/OneSecondBeforeDisast,
/r/PlantBasedDiet,
/r/gamecollecting,
/r/snapchatgw,
/r/BollywoodRealism,
/r/Mirrorsforsale,
/r/funkopop,
/r/HalfLife,
/r/Keep_Track,
/r/Stepdadreflexes,
/r/meatcrayon,
/r/minecraftseeds,
/r/realestateinvesting,
/r/lockpicking,
/r/ghibli,
/r/Models,
/r/Eve,
/r/Scary,
/r/internetparents,
/r/simracing,
/r/awakened,
/r/ForeverAlone,
/r/Missing411,
/r/InfrastructurePorn,
/r/SampleSize,
/r/starbucks,
/r/ShitRedditSays,
/r/antiassholedesign,
/r/asktransgender,
/r/suddenlysexoffender,
/r/democrats,
/r/trippy,
/r/titlegore,
/r/SEO,
/r/Calligraphy,
/r/AwesomeOffBrands,
/r/Firearms,X
/r/boxoffice,
/r/myfavoritemurder,
/r/evangelion,
/r/evenwithcontext,
/r/Hololive,
/r/RandomKindness,
/r/landscaping,
/r/travisscott,
/r/Pets,
/r/treedibles,
/r/MensLib,
/r/MarvelStudiosSpoilers,
/r/Psychic,
/r/intel,
/r/Demotivational,
/r/CorporateFacepalm,
/r/sciencefiction,
/r/ios,
/r/naturalbodybuilding,
/r/CrewsCrew,
/r/TOR,
/r/BigBrother,
/r/tipofmyjoystick,
/r/rockets,
/r/darkmemes,
/r/LightNovels,
/r/SeattleWA,
/r/Duklock,
/r/MeanJokes,
/r/DigitalPainting,
/r/FreeKarma4U,
/r/Disneyland,
/r/AnimalCrossingNewHor,
/r/RandomActsOfGaming,
/r/torrents,
/r/randonauts,
/r/findapath,
/r/aws,
/r/norge,
/r/UKPersonalFinance,
/r/lawofattraction,
/r/michaelbaygifs,
/r/sciences,
/r/AnimalPorn,
/r/BadMensAnatomy,
/r/ArianaGrande,
/r/bestofnetflix,
/r/cowboys,
/r/GodofWar,
/r/ainbow,
/r/Suomi,
/r/moviescirclejerk,
/r/WarshipPorn,
/r/longboarding,
/r/LWIAY,
/r/eFreebies,
/r/flying,
/r/AdPorn,
/r/AirForce,
/r/Random_Acts_Of_Amazon,
/r/CatsISUOTTATFO,
/r/LofiHipHop,
/r/KneadyCats,
/r/streetphotography,